"0","replicated.uniques(syn_param, heart_failure)
"
"1","$replications
"
"1","  [1]"
"1"," FALSE"
"1"," FALSE"
"1"," FALSE"
"1"," FALSE"
"1"," FALSE"
"1"," FALSE"
"1"," FALSE"
"1"," FALSE"
"1"," FALSE"
"1"," FALSE"
"1"," FALSE"
"1","
"
"1"," [12]"
"1"," FALSE"
"1"," FALSE"
"1"," FALSE"
"1"," FALSE"
"1"," FALSE"
"1"," FALSE"
"1"," FALSE"
"1"," FALSE"
"1"," FALSE"
"1"," FALSE"
"1"," FALSE"
"1","
"
"1"," [23]"
"1"," FALSE"
"1"," FALSE"
"1"," FALSE"
"1"," FALSE"
"1"," FALSE"
"1"," FALSE"
"1"," FALSE"
"1"," FALSE"
"1"," FALSE"
"1"," FALSE"
"1"," FALSE"
"1","
"
"1"," [34]"
"1"," FALSE"
"1"," FALSE"
"1"," FALSE"
"1"," FALSE"
"1"," FALSE"
"1"," FALSE"
"1"," FALSE"
"1"," FALSE"
"1"," FALSE"
"1"," FALSE"
"1"," FALSE"
"1","
"
"1"," [45]"
"1"," FALSE"
"1"," FALSE"
"1"," FALSE"
"1"," FALSE"
"1"," FALSE"
"1"," FALSE"
"1"," FALSE"
"1"," FALSE"
"1"," FALSE"
"1"," FALSE"
"1"," FALSE"
"1","
"
"1"," [56]"
"1"," FALSE"
"1"," FALSE"
"1"," FALSE"
"1"," FALSE"
"1"," FALSE"
"1"," FALSE"
"1"," FALSE"
"1"," FALSE"
"1"," FALSE"
"1"," FALSE"
"1"," FALSE"
"1","
"
"1"," [67]"
"1"," FALSE"
"1"," FALSE"
"1"," FALSE"
"1"," FALSE"
"1"," FALSE"
"1"," FALSE"
"1"," FALSE"
"1"," FALSE"
"1"," FALSE"
"1"," FALSE"
"1"," FALSE"
"1","
"
"1"," [78]"
"1"," FALSE"
"1"," FALSE"
"1"," FALSE"
"1"," FALSE"
"1"," FALSE"
"1"," FALSE"
"1"," FALSE"
"1"," FALSE"
"1"," FALSE"
"1"," FALSE"
"1"," FALSE"
"1","
"
"1"," [89]"
"1"," FALSE"
"1"," FALSE"
"1"," FALSE"
"1"," FALSE"
"1"," FALSE"
"1"," FALSE"
"1"," FALSE"
"1"," FALSE"
"1"," FALSE"
"1"," FALSE"
"1"," FALSE"
"1","
"
"1","[100]"
"1"," FALSE"
"1"," FALSE"
"1"," FALSE"
"1"," FALSE"
"1"," FALSE"
"1"," FALSE"
"1"," FALSE"
"1"," FALSE"
"1"," FALSE"
"1"," FALSE"
"1"," FALSE"
"1","
"
"1","[111]"
"1"," FALSE"
"1"," FALSE"
"1"," FALSE"
"1"," FALSE"
"1"," FALSE"
"1"," FALSE"
"1"," FALSE"
"1"," FALSE"
"1"," FALSE"
"1"," FALSE"
"1"," FALSE"
"1","
"
"1","[122]"
"1"," FALSE"
"1"," FALSE"
"1"," FALSE"
"1"," FALSE"
"1"," FALSE"
"1"," FALSE"
"1"," FALSE"
"1"," FALSE"
"1"," FALSE"
"1"," FALSE"
"1"," FALSE"
"1","
"
"1","[133]"
"1"," FALSE"
"1"," FALSE"
"1"," FALSE"
"1"," FALSE"
"1"," FALSE"
"1"," FALSE"
"1"," FALSE"
"1"," FALSE"
"1"," FALSE"
"1"," FALSE"
"1"," FALSE"
"1","
"
"1","[144]"
"1"," FALSE"
"1"," FALSE"
"1"," FALSE"
"1"," FALSE"
"1"," FALSE"
"1"," FALSE"
"1"," FALSE"
"1"," FALSE"
"1"," FALSE"
"1"," FALSE"
"1"," FALSE"
"1","
"
"1","[155]"
"1"," FALSE"
"1"," FALSE"
"1"," FALSE"
"1"," FALSE"
"1"," FALSE"
"1"," FALSE"
"1"," FALSE"
"1"," FALSE"
"1"," FALSE"
"1"," FALSE"
"1"," FALSE"
"1","
"
"1","[166]"
"1"," FALSE"
"1"," FALSE"
"1"," FALSE"
"1"," FALSE"
"1"," FALSE"
"1"," FALSE"
"1"," FALSE"
"1"," FALSE"
"1"," FALSE"
"1"," FALSE"
"1"," FALSE"
"1","
"
"1","[177]"
"1"," FALSE"
"1"," FALSE"
"1"," FALSE"
"1"," FALSE"
"1"," FALSE"
"1"," FALSE"
"1"," FALSE"
"1"," FALSE"
"1"," FALSE"
"1"," FALSE"
"1"," FALSE"
"1","
"
"1","[188]"
"1"," FALSE"
"1"," FALSE"
"1"," FALSE"
"1"," FALSE"
"1"," FALSE"
"1"," FALSE"
"1"," FALSE"
"1"," FALSE"
"1"," FALSE"
"1"," FALSE"
"1"," FALSE"
"1","
"
"1","[199]"
"1"," FALSE"
"1"," FALSE"
"1"," FALSE"
"1"," FALSE"
"1"," FALSE"
"1"," FALSE"
"1"," FALSE"
"1"," FALSE"
"1"," FALSE"
"1"," FALSE"
"1"," FALSE"
"1","
"
"1","[210]"
"1"," FALSE"
"1"," FALSE"
"1"," FALSE"
"1"," FALSE"
"1"," FALSE"
"1"," FALSE"
"1"," FALSE"
"1"," FALSE"
"1"," FALSE"
"1"," FALSE"
"1"," FALSE"
"1","
"
"1","[221]"
"1"," FALSE"
"1"," FALSE"
"1"," FALSE"
"1"," FALSE"
"1"," FALSE"
"1"," FALSE"
"1"," FALSE"
"1"," FALSE"
"1"," FALSE"
"1"," FALSE"
"1"," FALSE"
"1","
"
"1","[232]"
"1"," FALSE"
"1"," FALSE"
"1"," FALSE"
"1"," FALSE"
"1"," FALSE"
"1"," FALSE"
"1"," FALSE"
"1"," FALSE"
"1"," FALSE"
"1"," FALSE"
"1"," FALSE"
"1","
"
"1","[243]"
"1"," FALSE"
"1"," FALSE"
"1"," FALSE"
"1"," FALSE"
"1"," FALSE"
"1"," FALSE"
"1"," FALSE"
"1"," FALSE"
"1"," FALSE"
"1"," FALSE"
"1"," FALSE"
"1","
"
"1","[254]"
"1"," FALSE"
"1"," FALSE"
"1"," FALSE"
"1"," FALSE"
"1"," FALSE"
"1"," FALSE"
"1"," FALSE"
"1"," FALSE"
"1"," FALSE"
"1"," FALSE"
"1"," FALSE"
"1","
"
"1","[265]"
"1"," FALSE"
"1"," FALSE"
"1"," FALSE"
"1"," FALSE"
"1"," FALSE"
"1"," FALSE"
"1"," FALSE"
"1"," FALSE"
"1"," FALSE"
"1"," FALSE"
"1"," FALSE"
"1","
"
"1","[276]"
"1"," FALSE"
"1"," FALSE"
"1"," FALSE"
"1"," FALSE"
"1"," FALSE"
"1"," FALSE"
"1"," FALSE"
"1"," FALSE"
"1"," FALSE"
"1"," FALSE"
"1"," FALSE"
"1","
"
"1","[287]"
"1"," FALSE"
"1"," FALSE"
"1"," FALSE"
"1"," FALSE"
"1"," FALSE"
"1"," FALSE"
"1"," FALSE"
"1"," FALSE"
"1"," FALSE"
"1"," FALSE"
"1"," FALSE"
"1","
"
"1","[298]"
"1"," FALSE"
"1"," FALSE"
"1","
"
"1","
"
"1","$no.uniques
"
"1","[1]"
"1"," 299"
"1","
"
"1","
"
"1","$no.replications
"
"1","[1]"
"1"," 0"
"1","
"
"1","
"
"1","$per.replications
"
"1","[1]"
"1"," 0"
"1","
"
"1","
"
